Curso,Link
Bio em Casa,https://t.me/joinchat/YVvlEp2igdxmMGQx
Bio em Casa,https://t.me/+qbB_N-Yi03ViZDcx
BioATP,https://t.me/+aueaT7P4n3JiYjZh
BioATP,https://t.me/+O_ZNm7dV3SY3Zjkx
BioATP,https://t.me/+jg6YHZ5xE5AwZWI8
BioATP,https://t.me/+VuZUZlw2cK1iZDcx
BioATP,https://t.me/lklkkkbb
Biologia,https://t.me/biolandiaenem
Biologia,https://t.me/Uburey1
CPA-10 / CPA-20,https://t.me/+V_cOV2514-BlMDMx
Desvendando a Matemática - Felipe Guisoli,https://t.me/+1mhu2ZuxeQ9iMWVh
Diego Pereira - Redação,https://t.me/+SFUP-xjvuIE5NmE0
ESA,https://t.me/+tqtHvgMw-EkzZGFh
Farias Brito Online,https://t.me/+8Rete_2ir-tlYzE0
Felipe Guisoli,https://t.me/+vTKnhagVs5ZjMDcx
Fernanda Pessoa - Linguagens,https://t.me/+xiJjBmwlUhRkZmNh
Ferreto - Química,https://t.me/+e-I5QORvXGpjYTEx
Filonared,https://t.me/+l70XzXm_Bk9hMTZh
Fredão - Linguagens,https://t.me/+33VnNSLtvg1jODMx
Fredão - Matemática,https://t.me/CalculoMentalMatematica
Física / Matemática / Química 2024,https://t.me/+uTYQQMwTASZkZTBk
Física / Matemática / Química 2024,https://t.me/+zl7_jrVjIlFjZmU0
Física / Matemática / Química 2024,https://t.me/+16PnfirCNHdmOTg0
Gabriel Cabral,https://t.me/+e23O1m5WCSI0ZGIx
Humanas ENEM,https://t.me/+GnB0EfWNhSBjODNh
Humanas ENEM,https://t.me/+uBsPwZbHfntjM2Qx
Humanizarte,https://t.me/+h4klpKrxaNplZGQx
Humanizarte,https://t.me/+1lr1DF2iTGE5OGMy
Linguagens - Felipe Oliveira IHM,https://t.me/+cF6LTBVgSXxlNDBh
Linguagens - Felipe Oliveira IHM,https://t.me/+hW8CZEp8aClkMjYx
Lições de Cálculos - Felipe Guisoli,https://t.me/+6e4y64UnyZQ4ODkx
Mateco,https://t.me/+bf6E4bXovEc2ODNh
Matemática do Zero - Marcos Miguel,https://t.me/+kFmFcjPSx10zZTkx
Mateus + Rafael Medeiros,https://t.me/+Uh0-CjrTIOdkNTYx
Mateus Medeiros - Biologia,https://t.me/+H2DHrKRDonM2ZWYx
Medicina Veterinária,https://t.me/medvetdownload
Mente Matemática,https://t.me/+5VHjDHj9rQtkZjkx
Modelo de Redação,https://t.me/+qsUw-lntoHEyYzI5
Moisés Medeiros + Ricci,https://t.me/+hsNx2-gipPZmYjFh
Petrobrás - Técnico Suprimentos,https://t.me/+JyxZ9u-E70g2MzMx
Petrobrás 2026,https://t.me/+Mm9YqKJP_L1iYTMx
Plataforma Assaad,https://t.me/+NcJPHrDQC38wZjZh
Plataforma Assaad,https://t.me/+2iHEKkUfJVk3YTk5
Plataforma Assaad,https://t.me/+9z0bCg7rBbUwMDFk
Plataforma Assaad,https://t.me/+sgsYYCTIXeJhZjBi
Plataforma Assaad 2026,https://t.me/+FyvBpMueEK8zNWEx
Plataforma Assaad 2026,https://t.me/+NyMe_qHhX5xmYTMx
Plataforma Assaad 2026,https://t.me/+72aBM8PnbEc1YWNh
Rafael Duarte - Humanas,https://t.me/+wnrqVYK7L6czNjhh
Rafael Medeiros - Física,https://t.me/+RgP7-CaCb1QyM2Q0
Rafael Medeiros - Física,https://t.me/+7t5USFMFPHE4MWEx
Redação do Zero,https://t.me/rszinp
Redação Fernanda Pessoa 2025,https://t.me/a66380
Redação Fernanda Pessoa 2026,https://t.me/+XA0SYrqOnlUyMWMx
Redação Fernanda Pessoa 2026,https://t.me/cursoprof
Renato Brito,https://t.me/+xjjlgfFfDplkNThh
RLM Matemática,https://t.me/+XFHwC7bR07xhODFh
Ronaebson Matemática,https://t.me/euzinr
Ronaebson Matemática,https://t.me/ronaebson_matematica
Rota do Enem,https://t.me/+KA-Oa2bpTONmYTcx
Simulados ENEM,https://t.me/+zv8ikIfmwPllZTMx
Terra Negra,https://t.me/+reDQtUbw9E82YTkx
Thais Formagio 2026,https://t.me/+ZUE12nsN6UBiYTBh
Universo Narrado - Matemática,https://t.me/+-2acmlXpn583NmUx
Vinicius Oliveira 2026,https://t.me/+_C4TakHvSVxkYTE5
